Broken Station ID,Broken Date(s)
APX,20250301_and_20250320
BMX,20250301_and_20250320
BNA,20250301_and_20250320
CWLW,20250301_and_20250320
CWMW,20250301_and_20250320
CYEV,20250301_and_20250320
CYMO,20250301_and_20250320
CYXY,20250301_and_20250320
DTX,20250301_and_20250320
DVN,20250301_and_20250320
EDW,20250301_and_20250320
FFC,20250301_and_20250320
FWD,20250301_and_20250320
GYX,20250301_and_20250320
ILN,20250301_and_20250320
ILX,20250301_and_20250320
KABQ,20250301_and_20250320
KABR,20250301_and_20250320
KALB,20250301_and_20250320
KAMA,20250301_and_20250320
KBIS,20250301_and_20250320
KBNA,20250301_and_20250320
KBOI,20250301_and_20250320
KBRO,20250301_and_20250320
KBUF,20250301_and_20250320
KCAR,20250301_and_20250320
KCHH,20250301_and_20250320
KCHS,20250301_and_20250320
KCRP,20250301_and_20250320
KDDC,20250301_and_20250320
KDRT,20250301_and_20250320
KEET,20250301_and_20250320
KEPZ,20250301_and_20250320
KEYW,20250301_and_20250320
KGGW,20250301_and_20250320
KGJT,20250301_and_20250320
KGRB,20250301_and_20250320
KGSO,20250301_and_20250320
KIAD,20250301_and_20250320
KINL,20250301_and_20250320
KJAN,20250301_and_20250320
KJAX,20250301_and_20250320
KLBF,20250301_and_20250320
KLCH,20250301_and_20250320
KLKN,20250301_and_20250320
KLZK,20250301_and_20250320
KMAF,20250301_and_20250320
KMFR,20250301_and_20250320
KMHX,20250301_and_20250320
KOAK,20250301_and_20250320
KOTX,20250301_and_20250320
KPIT,20250301_and_20250320
KRAP,20250301_and_20250320
KREV,20250301_and_20250320
KRIW,20250301_and_20250320
KRNK,20250301_and_20250320
KSGF,20250301_and_20250320
KSHV,20250301_and_20250320
KSLC,20250301_and_20250320
KSLE,20250301_and_20250320
KTLH,20250301_and_20250320
KTOP,20250301_and_20250320
KTUS,20250301_and_20250320
MMCU,20250301_and_20250320
MPX,20250301_and_20250320
NKX,20250301_and_20250320
OAX,20250301_and_20250320
OKX,20250301_and_20250320
OUN,20250301_and_20250320
PABE,20250301_and_20250320
PABR,20250301_and_20250320
PACD,20250301_and_20250320
PADQ,20250301_and_20250320
PAFA,20250301_and_20250320
PAKN,20250301_and_20250320
PAMC,20250301_and_20250320
PANC,20250301_and_20250320
PANT,20250301_and_20250320
PAOM,20250301_and_20250320
PAOT,20250301_and_20250320
PASN,20250301_and_20250320
PAYA,20250301_and_20250320
TBW,20250301_and_20250320
UIL,20250301_and_20250320
VBG,20250301_and_20250320
VPS,20250301_and_20250320
WAL,20250301_and_20250320
XMR,20250301_and_20250320
